[
    {
        "conversation_ID": 1,
        "conversation": [
            {
                "utterance_ID": 1,
                "text": "Alright , so I am back in high school , I am standing in the middle of the cafeteria , and I realize I am totally naked .",
                "speaker": "Chandler",
                "video_name": "dia1utt1.mp4"
            },
            {
                "utterance_ID": 2,
                "text": "Oh , yeah . Had that dream .",
                "speaker": "All",
                "video_name": "dia1utt2.mp4"
            },
            {
                "utterance_ID": 3,
                "text": "Then I look down , and I realize there is a phone ... there .",
                "speaker": "Chandler",
                "video_name": "dia1utt3.mp4"
            },
            {
                "utterance_ID": 4,
                "text": "Instead of ... ?",
                "speaker": "Joey",
                "video_name": "dia1utt4.mp4"
            },
            {
                "utterance_ID": 5,
                "text": "That is right .",
                "speaker": "Chandler",
                "video_name": "dia1utt5.mp4"
            },
            {
                "utterance_ID": 6,
                "text": "Never had that dream .",
                "speaker": "Joey",
                "video_name": "dia1utt6.mp4"
            },
            {
                "utterance_ID": 7,
                "text": "No .",
                "speaker": "Phoebe",
                "video_name": "dia1utt7.mp4"
            },
            {
                "utterance_ID": 8,
                "text": "All of a sudden , the phone starts to ring .",
                "speaker": "Chandler",
                "video_name": "dia1utt8.mp4"
            }
        ],
        "emotion-cause_pairs": [
            [
                "3_surprise",
                "1"
            ],
            [
                "3_surprise",
                "3"
            ],
            [
                "4_surprise",
                "1"
            ],
            [
                "4_surprise",
                "3"
            ],
            [
                "5_anger",
                "1"
            ],
            [
                "5_anger",
                "3"
            ],
            [
                "5_anger",
                "4"
            ],
            [
                "5_anger",
                "5"
            ]
        ]
    },
    {
        "conversation_ID": 2,
        "conversation": [
            {
                "utterance_ID": 1,
                "text": "I do not want to be single , okay ? I just ... I just ... I just wanna be married again !",
                "speaker": "Ross",
                "video_name": "dia2utt1.mp4"
            },
            {
                "utterance_ID": 2,
                "text": "And I just want a million dollars !",
                "speaker": "Chandler",
                "video_name": "dia2utt2.mp4"
            },
            {
                "utterance_ID": 3,
                "text": "Rachel ? !",
                "speaker": "Monica",
                "video_name": "dia2utt3.mp4"
            }
        ],
        "emotion-cause_pairs": [
            [
                "1_sadness",
                "1"
            ],
            [
                "3_surprise",
                "3"
            ]
        ]
    },
    {
        "conversation_ID": 3,
        "conversation": [
            {
                "utterance_ID": 1,
                "text": "Oh my God !",
                "speaker": "Monica",
                "video_name": "dia3utt1.mp4"
            },
            {
                "utterance_ID": 2,
                "text": "I know , I know , I am such an idiot .",
                "speaker": "Paul",
                "video_name": "dia3utt2.mp4"
            },
            {
                "utterance_ID": 3,
                "text": "I guess I should have caught on when she started going to the dentist four and five times a week . I mean , how clean can teeth get ?",
                "speaker": "Paul",
                "video_name": "dia3utt3.mp4"
            },
            {
                "utterance_ID": 4,
                "text": "My brother going through that right now , he is such a mess . How did you get through it ?",
                "speaker": "Monica",
                "video_name": "dia3utt4.mp4"
            },
            {
                "utterance_ID": 5,
                "text": "Well , you might try accidentally breaking something valuable of hers , say her ...",
                "speaker": "Paul",
                "video_name": "dia3utt5.mp4"
            },
            {
                "utterance_ID": 6,
                "text": "leg ?",
                "speaker": "Monica",
                "video_name": "dia3utt6.mp4"
            },
            {
                "utterance_ID": 7,
                "text": "That is one way !",
                "speaker": "Paul",
                "video_name": "dia3utt7.mp4"
            },
            {
                "utterance_ID": 8,
                "text": "Me , I ... I went for the watch .",
                "speaker": "Paul",
                "video_name": "dia3utt8.mp4"
            },
            {
                "utterance_ID": 9,
                "text": "You actually broke her watch ?",
                "speaker": "Monica",
                "video_name": "dia3utt9.mp4"
            }
        ],
        "emotion-cause_pairs": [
            [
                "3_sadness",
                "3"
            ],
            [
                "6_surprise",
                "4"
            ],
            [
                "6_surprise",
                "5"
            ],
            [
                "6_surprise",
                "6"
            ],
            [
                "7_joy",
                "5"
            ],
            [
                "7_joy",
                "6"
            ],
            [
                "7_joy",
                "7"
            ],
            [
                "9_anger",
                "5"
            ],
            [
                "9_anger",
                "8"
            ],
            [
                "9_anger",
                "9"
            ]
        ]
    },
    {
        "conversation_ID": 4,
        "conversation": [
            {
                "utterance_ID": 1,
                "text": "Barry , I am sorry ...",
                "speaker": "Rachel",
                "video_name": "dia4utt1.mp4"
            },
            {
                "utterance_ID": 2,
                "text": "I am so sorry ...",
                "speaker": "Rachel",
                "video_name": "dia4utt2.mp4"
            },
            {
                "utterance_ID": 3,
                "text": "I know you probably think that this is all about what I said the other day about you making love with your socks on , but it is not ... it is not , it is about me , and I ju ...",
                "speaker": "Rachel",
                "video_name": "dia4utt3.mp4"
            }
        ],
        "emotion-cause_pairs": []
    },
    {
        "conversation_ID": 5,
        "conversation": [
            {
                "utterance_ID": 1,
                "text": "Oh , look , wish me luck !",
                "speaker": "Rachel",
                "video_name": "dia5utt1.mp4"
            },
            {
                "utterance_ID": 2,
                "text": "What for ?",
                "speaker": "Monica",
                "video_name": "dia5utt2.mp4"
            },
            {
                "utterance_ID": 3,
                "text": "I am gonna go get one of those job things .",
                "speaker": "Rachel",
                "video_name": "dia5utt3.mp4"
            }
        ],
        "emotion-cause_pairs": [
            [
                "1_joy",
                "3"
            ],
            [
                "3_joy",
                "3"
            ]
        ]
    }
]